{
  "esg_indicator": 0.8808536529541016,
  "numerical_detection": 0.7218259572982788,
  "category_classification": 0.6500000000000001
}